STCOUNTYFP,County,Deaths,Population,Crude Rate,% of Total Deaths
1003,"Baldwin County, AL",19,212628,Unreliable,0.00%
1043,"Cullman County, AL",12,82755,Unreliable,0.00%
1049,"DeKalb County, AL",11,71617,Unreliable,0.00%
1055,"Etowah County, AL",26,102755,25.3,0.10%
1073,"Jefferson County, AL",167,659197,25.3,0.40%
1089,"Madison County, AL",16,361046,Unreliable,0.00%
1097,"Mobile County, AL",13,413955,Unreliable,0.00%
1115,"St. Clair County, AL",15,88199,Unreliable,0.00%
1117,"Shelby County, AL",27,213605,12.6,0.10%
1125,"Tuscaloosa County, AL",14,207811,Unreliable,0.00%
2020,"Anchorage Borough, AK",49,294356,16.6,0.10%
2110,"Juneau Borough, AK",11,32094,Unreliable,0.00%
2170,"Matanuska-Susitna Borough, AK",20,106532,18.8,0.00%
4003,"Cochise County, AZ",17,124756,Unreliable,0.00%
4013,"Maricopa County, AZ",631,4307033,14.7,1.30%
4019,"Pima County, AZ",174,1022769,17,0.40%
4021,"Pinal County, AZ",34,430237,7.9,0.10%
4025,"Yavapai County, AZ",22,228168,9.6,0.00%
5007,"Benton County, AR",14,266300,Unreliable,0.00%
5051,"Garland County, AR",17,98658,Unreliable,0.00%
5119,"Pulaski County, AR",31,393956,7.9,0.10%
5125,"Saline County, AR",12,119323,Unreliable,0.00%
6001,"Alameda County, CA",35,1663190,2.1,0.10%
6007,"Butte County, CA",16,229294,Unreliable,0.00%
6013,"Contra Costa County, CA",53,1147439,4.6,0.10%
6019,"Fresno County, CA",41,989255,4.1,0.10%
6023,"Humboldt County, CA",27,136754,19.7,0.10%
6029,"Kern County, CA",82,893119,9.2,0.20%
6033,"Lake County, CA",16,64246,Unreliable,0.00%
6037,"Los Angeles County, CA",464,10163507,4.6,1.00%
6041,"Marin County, CA",15,260955,Unreliable,0.00%
6045,"Mendocino County, CA",19,88018,Unreliable,0.00%
6047,"Merced County, CA",14,272673,Unreliable,0.00%
6059,"Orange County, CA",258,3190400,8.1,0.50%
6061,"Placer County, CA",18,386166,Unreliable,0.00%
6065,"Riverside County, CA",134,2423266,5.5,0.30%
6067,"Sacramento County, CA",59,1530615,3.9,0.10%
6071,"San Bernardino County, CA",56,2157404,2.6,0.10%
6073,"San Diego County, CA",283,3337685,8.5,0.60%
6075,"San Francisco County, CA",102,884363,11.5,0.20%
6077,"San Joaquin County, CA",75,745424,10.1,0.20%
6079,"San Luis Obispo County, CA",15,283405,Unreliable,0.00%
6081,"San Mateo County, CA",41,771410,5.3,0.10%
6083,"Santa Barbara County, CA",27,448150,6,0.10%
6085,"Santa Clara County, CA",67,1938153,3.5,0.10%
6087,"Santa Cruz County, CA",19,275897,Unreliable,0.00%
6089,"Shasta County, CA",28,179921,15.6,0.10%
6095,"Solano County, CA",10,445458,Unreliable,0.00%
6097,"Sonoma County, CA",32,504217,6.3,0.10%
6099,"Stanislaus County, CA",17,547899,Unreliable,0.00%
6111,"Ventura County, CA",88,854223,10.3,0.20%
8001,"Adams County, CO",77,503167,15.3,0.20%
8005,"Arapahoe County, CO",52,643052,8.1,0.10%
8013,"Boulder County, CO",24,322514,7.4,0.10%
8031,"Denver County, CO",99,704621,14.1,0.20%
8041,"El Paso County, CO",112,699232,16,0.20%
8059,"Jefferson County, CO",34,574613,5.9,0.10%
8069,"Larimer County, CO",28,343976,8.1,0.10%
8077,"Mesa County, CO",33,151616,21.8,0.10%
8101,"Pueblo County, CO",29,166475,17.4,0.10%
8123,"Weld County, CO",13,304633,Unreliable,0.00%
9001,"Fairfield County, CT",155,949921,16.3,0.30%
9003,"Hartford County, CT",284,895388,31.7,0.60%
9005,"Litchfield County, CT",52,182177,28.5,0.10%
9007,"Middlesex County, CT",42,163410,25.7,0.10%
9009,"New Haven County, CT",262,860435,30.4,0.60%
9011,"New London County, CT",83,269033,30.9,0.20%
9013,"Tolland County, CT",41,151461,27.1,0.10%
9015,"Windham County, CT",42,116359,36.1,0.10%
10001,"Kent County, DE",31,176824,17.5,0.10%
10003,"New Castle County, DE",163,559793,29.1,0.30%
10005,"Sussex County, DE",47,225322,20.9,0.10%
11001,"District of Columbia, DC",240,693972,34.6,0.50%
12001,"Alachua County, FL",12,266944,Unreliable,0.00%
12005,"Bay County, FL",22,183563,12,0.00%
12009,"Brevard County, FL",72,589162,12.2,0.20%
12011,"Broward County, FL",285,1935878,14.7,0.60%
12017,"Citrus County, FL",25,145647,17.2,0.10%
12019,"Clay County, FL",50,212230,23.6,0.10%
12021,"Collier County, FL",55,372880,14.8,0.10%
12023,"Columbia County, FL",11,69612,Unreliable,0.00%
12031,"Duval County, FL",377,937934,40.2,0.80%
12033,"Escambia County, FL",33,313512,10.5,0.10%
12035,"Flagler County, FL",15,110510,Unreliable,0.00%
12053,"Hernando County, FL",20,186553,10.7,0.00%
12057,"Hillsborough County, FL",178,1408566,12.6,0.40%
12069,"Lake County, FL",49,346017,14.2,0.10%
12071,"Lee County, FL",185,739224,25,0.40%
12073,"Leon County, FL",18,290292,Unreliable,0.00%
12081,"Manatee County, FL",106,385571,27.5,0.20%
12083,"Marion County, FL",70,354353,19.8,0.10%
12085,"Martin County, FL",23,159923,14.4,0.00%
12086,"Miami-Dade County, FL",246,2751796,8.9,0.50%
12087,"Monroe County, FL",15,77013,Unreliable,0.00%
12089,"Nassau County, FL",21,82721,25.4,0.00%
12091,"Okaloosa County, FL",27,202970,13.3,0.10%
12095,"Orange County, FL",180,1348975,13.3,0.40%
12097,"Osceola County, FL",56,352180,15.9,0.10%
12099,"Palm Beach County, FL",384,1471150,26.1,0.80%
12101,"Pasco County, FL",68,525643,12.9,0.10%
12103,"Pinellas County, FL",105,970637,10.8,0.20%
12105,"Polk County, FL",43,686483,6.3,0.10%
12109,"St. Johns County, FL",33,243812,13.5,0.10%
12111,"St. Lucie County, FL",38,313506,12.1,0.10%
12113,"Santa Rosa County, FL",20,174272,11.5,0.00%
12115,"Sarasota County, FL",91,419119,21.7,0.20%
12117,"Seminole County, FL",97,462659,21,0.20%
12127,"Volusia County, FL",122,538692,22.6,0.30%
13015,"Bartow County, GA",17,105054,Unreliable,0.00%
13021,"Bibb County, GA",12,152862,Unreliable,0.00%
13045,"Carroll County, GA",23,117812,19.5,0.00%
13047,"Catoosa County, GA",11,66550,Unreliable,0.00%
13051,"Chatham County, GA",27,290501,9.3,0.10%
13057,"Cherokee County, GA",35,247573,14.1,0.10%
13063,"Clayton County, GA",21,285153,7.4,0.00%
13067,"Cobb County, GA",119,755754,15.7,0.30%
13073,"Columbia County, GA",20,151579,13.2,0.00%
13077,"Coweta County, GA",18,143114,Unreliable,0.00%
13089,"DeKalb County, GA",48,753253,6.4,0.10%
13097,"Douglas County, GA",20,143882,13.9,0.00%
13117,"Forsyth County, GA",22,227967,9.7,0.00%
13121,"Fulton County, GA",104,1041423,10,0.20%
13135,"Gwinnett County, GA",77,920260,8.4,0.20%
13139,"Hall County, GA",24,199335,12,0.10%
13151,"Henry County, GA",20,225813,8.9,0.00%
13157,"Jackson County, GA",10,67519,Unreliable,0.00%
13215,"Muscogee County, GA",14,194058,Unreliable,0.00%
13217,"Newton County, GA",10,108078,Unreliable,0.00%
13223,"Paulding County, GA",21,159445,13.2,0.00%
13245,"Richmond County, GA",31,201800,15.4,0.10%
13297,"Walton County, GA",10,91600,Unreliable,0.00%
13313,"Whitfield County, GA",11,104658,Unreliable,0.00%
15003,"Honolulu County, HI",34,988650,3.4,0.10%
15009,"Maui County, HI",11,166260,Unreliable,0.00%
16001,"Ada County, ID",35,456849,7.7,0.10%
16005,"Bannock County, ID",19,85269,Unreliable,0.00%
17007,"Boone County, IL",12,53513,Unreliable,0.00%
17019,"Champaign County, IL",28,209399,13.4,0.10%
17031,"Cook County, IL",1032,5211263,19.8,2.20%
17037,"DeKalb County, IL",16,104733,Unreliable,0.00%
17043,"DuPage County, IL",120,930128,12.9,0.30%
17055,"Franklin County, IL",12,39041,Unreliable,0.00%
17083,"Jersey County, IL",12,21941,Unreliable,0.00%
17089,"Kane County, IL",70,534667,13.1,0.10%
17091,"Kankakee County, IL",25,109605,22.8,0.10%
17093,"Kendall County, IL",14,126218,Unreliable,0.00%
17097,"Lake County, IL",55,703520,7.8,0.10%
17099,"LaSalle County, IL",34,110067,30.9,0.10%
17111,"McHenry County, IL",76,309122,24.6,0.20%
17113,"McLean County, IL",26,172290,15.1,0.10%
17115,"Macon County, IL",11,105801,Unreliable,0.00%
17119,"Madison County, IL",84,265428,31.6,0.20%
17143,"Peoria County, IL",47,183011,25.7,0.10%
17161,"Rock Island County, IL",19,144808,Unreliable,0.00%
17163,"St. Clair County, IL",21,262479,8,0.00%
17167,"Sangamon County, IL",39,196452,19.9,0.10%
17179,"Tazewell County, IL",29,133526,21.7,0.10%
17183,"Vermilion County, IL",19,77909,Unreliable,0.00%
17197,"Will County, IL",125,692661,18,0.30%
17199,"Williamson County, IL",14,67328,Unreliable,0.00%
17201,"Winnebago County, IL",85,284778,29.8,0.20%
18003,"Allen County, IN",42,372877,11.3,0.10%
18005,"Bartholomew County, IN",17,82040,Unreliable,0.00%
18019,"Clark County, IN",29,116973,24.8,0.10%
18035,"Delaware County, IN",10,115184,Unreliable,0.00%
18039,"Elkhart County, IN",19,205032,Unreliable,0.00%
18041,"Fayette County, IN",12,23209,Unreliable,0.00%
18043,"Floyd County, IN",27,77071,35,0.10%
18057,"Hamilton County, IN",36,323747,11.1,0.10%
18063,"Hendricks County, IN",22,163685,13.4,0.00%
18067,"Howard County, IN",23,82363,27.9,0.00%
18071,"Jackson County, IN",12,43884,Unreliable,0.00%
18075,"Jay County, IN",11,20945,Unreliable,0.00%
18085,"Kosciusko County, IN",14,79206,Unreliable,0.00%
18089,"Lake County, IN",118,485640,24.3,0.20%
18091,"La Porte County, IN",13,110029,Unreliable,0.00%
18095,"Madison County, IN",32,129498,24.7,0.10%
18097,"Marion County, IN",218,950082,22.9,0.50%
18105,"Monroe County, IN",17,146986,Unreliable,0.00%
18107,"Montgomery County, IN",10,38525,Unreliable,0.00%
18109,"Morgan County, IN",13,69713,Unreliable,0.00%
18127,"Porter County, IN",36,168404,21.4,0.10%
18135,"Randolph County, IN",15,24922,Unreliable,0.00%
18141,"St. Joseph County, IN",60,270434,22.2,0.10%
18149,"Starke County, IN",15,22893,Unreliable,0.00%
18157,"Tippecanoe County, IN",21,190587,11,0.00%
18163,"Vanderburgh County, IN",44,181616,24.2,0.10%
18169,"Wabash County, IN",11,31443,Unreliable,0.00%
18177,"Wayne County, IN",55,66185,83.1,0.10%
19113,"Linn County, IA",19,224115,Unreliable,0.00%
19153,"Polk County, IA",63,481830,13.1,0.10%
19163,"Scott County, IA",18,172509,Unreliable,0.00%
20045,"Douglas County, KS",11,120793,Unreliable,0.00%
20091,"Johnson County, KS",29,591178,4.9,0.10%
20173,"Sedgwick County, KS",37,513687,7.2,0.10%
20177,"Shawnee County, KS",11,178187,Unreliable,0.00%
21005,"Anderson County, KY",10,22544,Unreliable,0.00%
21015,"Boone County, KY",36,130728,27.5,0.10%
21019,"Boyd County, KY",27,47979,56.3,0.10%
21029,"Bullitt County, KY",29,80246,36.1,0.10%
21037,"Campbell County, KY",65,92488,70.3,0.10%
21043,"Carter County, KY",12,27144,Unreliable,0.00%
21049,"Clark County, KY",11,36046,Unreliable,0.00%
21067,"Fayette County, KY",113,321959,35.1,0.20%
21071,"Floyd County, KY",10,36271,Unreliable,0.00%
21073,"Franklin County, KY",21,50485,41.6,0.00%
21081,"Grant County, KY",10,24984,Unreliable,0.00%
21089,"Greenup County, KY",11,35518,Unreliable,0.00%
21093,"Hardin County, KY",16,108071,Unreliable,0.00%
21111,"Jefferson County, KY",256,771158,33.2,0.50%
21113,"Jessamine County, KY",29,53375,54.3,0.10%
21117,"Kenton County, KY",102,165399,61.7,0.20%
21121,"Knox County, KY",10,31227,Unreliable,0.00%
21151,"Madison County, KY",38,91226,41.7,0.10%
21161,"Mason County, KY",10,17174,Unreliable,0.00%
21173,"Montgomery County, KY",11,27928,Unreliable,0.00%
21179,"Nelson County, KY",14,45640,Unreliable,0.00%
21195,"Pike County, KY",10,58883,Unreliable,0.00%
21199,"Pulaski County, KY",10,64449,Unreliable,0.00%
21209,"Scott County, KY",12,54873,Unreliable,0.00%
21227,"Warren County, KY",10,128845,Unreliable,0.00%
22017,"Caddo Parish, LA",11,246581,Unreliable,0.00%
22033,"East Baton Rouge Parish, LA",20,446268,4.5,0.00%
22051,"Jefferson Parish, LA",136,439036,31,0.30%
22055,"Lafayette Parish, LA",10,242485,Unreliable,0.00%
22063,"Livingston Parish, LA",18,138228,Unreliable,0.00%
22071,"Orleans Parish, LA",30,393292,7.6,0.10%
22079,"Rapides Parish, LA",10,131648,Unreliable,0.00%
22103,"St. Tammany Parish, LA",64,256327,25,0.10%
22117,"Washington Parish, LA",27,46633,57.9,0.10%
23001,"Androscoggin County, ME",18,107651,Unreliable,0.00%
23005,"Cumberland County, ME",82,292500,28,0.20%
23011,"Kennebec County, ME",49,121821,40.2,0.10%
23019,"Penobscot County, ME",50,151957,32.9,0.10%
23025,"Somerset County, ME",17,50626,Unreliable,0.00%
23029,"Washington County, ME",14,31593,Unreliable,0.00%
23031,"York County, ME",77,204191,37.7,0.20%
24001,"Allegany County, MD",36,71615,50.3,0.10%
24003,"Anne Arundel County, MD",228,573235,39.8,0.50%
24005,"Baltimore County, MD",382,832468,45.9,0.80%
24009,"Calvert County, MD",30,91502,32.8,0.10%
24011,"Caroline County, MD",15,33193,Unreliable,0.00%
24013,"Carroll County, MD",56,167781,33.4,0.10%
24015,"Cecil County, MD",62,102746,60.3,0.10%
24017,"Charles County, MD",42,159700,26.3,0.10%
24019,"Dorchester County, MD",10,32162,Unreliable,0.00%
24021,"Frederick County, MD",73,252022,29,0.20%
24025,"Harford County, MD",103,252160,40.8,0.20%
24027,"Howard County, MD",56,321113,17.4,0.10%
24031,"Montgomery County, MD",108,1058810,10.2,0.20%
24033,"Prince George's County, MD",125,912756,13.7,0.30%
24037,"St. Mary's County, MD",37,112667,32.8,0.10%
24043,"Washington County, MD",51,150578,33.9,0.10%
24045,"Wicomico County, MD",28,102923,27.2,0.10%
24047,"Worcester County, MD",14,51690,Unreliable,0.00%
24510,"Baltimore city, MD",499,611648,81.6,1.00%
25001,"Barnstable County, MA",66,213444,30.9,0.10%
25003,"Berkshire County, MA",27,126313,21.4,0.10%
25005,"Bristol County, MA",231,561483,41.1,0.50%
25009,"Essex County, MA",285,785205,36.3,0.60%
25011,"Franklin County, MA",10,70702,Unreliable,0.00%
25013,"Hampden County, MA",111,469818,23.6,0.20%
25015,"Hampshire County, MA",27,161834,16.7,0.10%
25017,"Middlesex County, MA",322,1602947,20.1,0.70%
25021,"Norfolk County, MA",157,700322,22.4,0.30%
25023,"Plymouth County, MA",190,515142,36.9,0.40%
25025,"Suffolk County, MA",233,797939,29.2,0.50%
25027,"Worcester County, MA",235,826116,28.4,0.50%
26021,"Berrien County, MI",21,154259,13.6,0.00%
26025,"Calhoun County, MI",44,134128,32.8,0.10%
26045,"Eaton County, MI",13,109027,Unreliable,0.00%
26049,"Genesee County, MI",131,407385,32.2,0.30%
26055,"Grand Traverse County, MI",18,91807,Unreliable,0.00%
26065,"Ingham County, MI",69,290186,23.8,0.10%
26067,"Ionia County, MI",10,64291,Unreliable,0.00%
26077,"Kalamazoo County, MI",45,262985,17.1,0.10%
26081,"Kent County, MI",101,648594,15.6,0.20%
26087,"Lapeer County, MI",18,88174,Unreliable,0.00%
26091,"Lenawee County, MI",13,98623,Unreliable,0.00%
26093,"Livingston County, MI",38,189651,20,0.10%
26099,"Macomb County, MI",316,871375,36.3,0.70%
26115,"Monroe County, MI",48,149649,32.1,0.10%
26117,"Montcalm County, MI",12,63550,Unreliable,0.00%
26121,"Muskegon County, MI",32,173693,18.4,0.10%
26125,"Oakland County, MI",56,1250836,4.5,0.10%
26139,"Ottawa County, MI",43,286383,15,0.10%
26145,"Saginaw County, MI",37,191934,19.3,0.10%
26147,"St. Clair County, MI",50,159350,31.4,0.10%
26155,"Shiawassee County, MI",21,68446,30.7,0.00%
26159,"Van Buren County, MI",19,75353,Unreliable,0.00%
26161,"Washtenaw County, MI",61,367627,16.6,0.10%
26163,"Wayne County, MI",631,1753616,36,1.30%
27003,"Anoka County, MN",31,351373,8.8,0.10%
27037,"Dakota County, MN",27,421751,6.4,0.10%
27053,"Hennepin County, MN",151,1252024,12.1,0.30%
27109,"Olmsted County, MN",11,154930,Unreliable,0.00%
27123,"Ramsey County, MN",45,547974,8.2,0.10%
27137,"St. Louis County, MN",22,200000,11,0.00%
27163,"Washington County, MN",15,256348,Unreliable,0.00%
28033,"DeSoto County, MS",29,178751,16.2,0.10%
28047,"Harrison County, MS",33,205027,16.1,0.10%
28049,"Hinds County, MS",18,239497,Unreliable,0.00%
28059,"Jackson County, MS",13,142152,Unreliable,0.00%
28109,"Pearl River County, MS",13,55270,Unreliable,0.00%
28121,"Rankin County, MS",11,152080,Unreliable,0.00%
29019,"Boone County, MO",18,178271,Unreliable,0.00%
29047,"Clay County, MO",15,242874,Unreliable,0.00%
29071,"Franklin County, MO",24,103330,23.2,0.10%
29077,"Greene County, MO",57,289805,19.7,0.10%
29095,"Jackson County, MO",60,698895,8.6,0.10%
29099,"Jefferson County, MO",76,223810,34,0.20%
29113,"Lincoln County, MO",12,56183,Unreliable,0.00%
29161,"Phelps County, MO",10,44744,Unreliable,0.00%
29183,"St. Charles County, MO",79,395504,20,0.20%
29189,"St. Louis County, MO",249,996726,25,0.50%
29510,"St. Louis city, MO",187,308626,60.6,0.40%
31055,"Douglas County, NE",30,561620,5.3,0.10%
31109,"Lancaster County, NE",10,314358,Unreliable,0.00%
32003,"Clark County, NV",298,2204079,13.5,0.60%
32019,"Lyon County, NV",13,54122,Unreliable,0.00%
32031,"Washoe County, NV",78,460587,16.9,0.20%
32510,"Carson City, NV",15,54745,Unreliable,0.00%
33001,"Belknap County, NH",23,60785,37.8,0.00%
33003,"Carroll County, NH",16,48064,Unreliable,0.00%
33005,"Cheshire County, NH",22,75960,29,0.00%
33007,"Coos County, NH",11,31634,Unreliable,0.00%
33009,"Grafton County, NH",17,89386,Unreliable,0.00%
33011,"Hillsborough County, NH",163,409697,39.8,0.30%
33013,"Merrimack County, NH",34,149216,22.8,0.10%
33015,"Rockingham County, NH",90,306363,29.4,0.20%
33017,"Strafford County, NH",48,128613,37.3,0.10%
34001,"Atlantic County, NJ",122,269918,45.2,0.30%
34003,"Bergen County, NJ",124,948406,13.1,0.30%
34005,"Burlington County, NJ",122,448596,27.2,0.30%
34007,"Camden County, NJ",14,510719,Unreliable,0.00%
34009,"Cape May County, NJ",44,93553,47,0.10%
34011,"Cumberland County, NJ",71,152538,46.5,0.10%
34013,"Essex County, NJ",252,808285,31.2,0.50%
34015,"Gloucester County, NJ",16,292206,Unreliable,0.00%
34017,"Hudson County, NJ",117,691643,16.9,0.20%
34019,"Hunterdon County, NJ",22,125059,17.6,0.00%
34021,"Mercer County, NJ",80,374733,21.3,0.20%
34023,"Middlesex County, NJ",204,842798,24.2,0.40%
34025,"Monmouth County, NJ",165,626351,26.3,0.30%
34027,"Morris County, NJ",96,499693,19.2,0.20%
34029,"Ocean County, NJ",190,597943,31.8,0.40%
34031,"Passaic County, NJ",100,512607,19.5,0.20%
34035,"Somerset County, NJ",56,335432,16.7,0.10%
34037,"Sussex County, NJ",34,141682,24,0.10%
34039,"Union County, NJ",106,563892,18.8,0.20%
34041,"Warren County, NJ",38,106798,35.6,0.10%
35001,"Bernalillo County, NM",131,676773,19.4,0.30%
35005,"Chaves County, NM",10,64866,Unreliable,0.00%
35013,"Dona Ana County, NM",22,215579,10.2,0.00%
35015,"Eddy County, NM",12,56997,Unreliable,0.00%
35039,"Rio Arriba County, NM",28,39159,71.5,0.10%
35043,"Sandoval County, NM",21,142507,14.7,0.00%
35045,"San Juan County, NM",14,126926,Unreliable,0.00%
35049,"Santa Fe County, NM",31,148750,20.8,0.10%
35061,"Valencia County, NM",17,75940,Unreliable,0.00%
36001,"Albany County, NY",41,309612,13.2,0.10%
36005,"Bronx County, NY",284,1471160,19.3,0.60%
36007,"Broome County, NY",43,193639,22.2,0.10%
36011,"Cayuga County, NY",20,77603,25.8,0.00%
36013,"Chautauqua County, NY",31,129046,24,0.10%
36015,"Chemung County, NY",12,85557,Unreliable,0.00%
36021,"Columbia County, NY",19,60604,Unreliable,0.00%
36023,"Cortland County, NY",13,47786,Unreliable,0.00%
36027,"Dutchess County, NY",87,295568,29.4,0.20%
36029,"Erie County, NY",243,925528,26.3,0.50%
36037,"Genesee County, NY",11,57956,Unreliable,0.00%
36039,"Greene County, NY",12,47470,Unreliable,0.00%
36045,"Jefferson County, NY",15,114187,Unreliable,0.00%
36047,"Kings County, NY",295,2648771,11.1,0.60%
36049,"Lewis County, NY",12,26551,Unreliable,0.00%
36055,"Monroe County, NY",188,747642,25.1,0.40%
36059,"Nassau County, NY",188,1369514,13.7,0.40%
36061,"New York County, NY",201,1664727,12.1,0.40%
36063,"Niagara County, NY",41,211328,19.4,0.10%
36065,"Oneida County, NY",52,231332,22.5,0.10%
36067,"Onondaga County, NY",80,465398,17.2,0.20%
36069,"Ontario County, NY",21,109899,19.1,0.00%
36071,"Orange County, NY",82,382226,21.5,0.20%
36075,"Oswego County, NY",18,118478,Unreliable,0.00%
36079,"Putnam County, NY",24,99323,24.2,0.10%
36081,"Queens County, NY",227,2358582,9.6,0.50%
36083,"Rensselaer County, NY",16,159722,Unreliable,0.00%
36085,"Richmond County, NY",100,479458,20.9,0.20%
36087,"Rockland County, NY",35,328868,10.6,0.10%
36091,"Saratoga County, NY",11,229869,Unreliable,0.00%
36093,"Schenectady County, NY",33,155565,21.2,0.10%
36101,"Steuben County, NY",12,96281,Unreliable,0.00%
36103,"Suffolk County, NY",430,1492953,28.8,0.90%
36105,"Sullivan County, NY",26,75485,34.4,0.10%
36109,"Tompkins County, NY",19,104802,Unreliable,0.00%
36111,"Ulster County, NY",45,179417,25.1,0.10%
36119,"Westchester County, NY",120,980244,12.2,0.30%
37001,"Alamance County, NC",34,162391,20.9,0.10%
37013,"Beaufort County, NC",17,47088,Unreliable,0.00%
37019,"Brunswick County, NC",44,130897,33.6,0.10%
37021,"Buncombe County, NC",90,257607,34.9,0.20%
37023,"Burke County, NC",21,89293,23.5,0.00%
37025,"Cabarrus County, NC",62,206872,30,0.10%
37027,"Caldwell County, NC",13,81981,Unreliable,0.00%
37031,"Carteret County, NC",16,68881,Unreliable,0.00%
37035,"Catawba County, NC",32,157974,20.3,0.10%
37047,"Columbus County, NC",12,55936,Unreliable,0.00%
37049,"Craven County, NC",32,102578,31.2,0.10%
37051,"Cumberland County, NC",82,332546,24.7,0.20%
37053,"Currituck County, NC",10,26331,Unreliable,0.00%
37055,"Dare County, NC",11,36099,Unreliable,0.00%
37057,"Davidson County, NC",48,165466,29,0.10%
37063,"Durham County, NC",37,311640,11.9,0.10%
37067,"Forsyth County, NC",76,376320,20.2,0.20%
37069,"Franklin County, NC",10,66168,Unreliable,0.00%
37071,"Gaston County, NC",48,220182,21.8,0.10%
37077,"Granville County, NC",11,59557,Unreliable,0.00%
37081,"Guilford County, NC",98,526953,18.6,0.20%
37085,"Harnett County, NC",31,132754,23.4,0.10%
37087,"Haywood County, NC",16,61084,Unreliable,0.00%
37089,"Henderson County, NC",25,115708,21.6,0.10%
37097,"Iredell County, NC",28,175711,15.9,0.10%
37101,"Johnston County, NC",31,196708,15.8,0.10%
37105,"Lee County, NC",18,60430,Unreliable,0.00%
37107,"Lenoir County, NC",13,56883,Unreliable,0.00%
37111,"McDowell County, NC",11,45159,Unreliable,0.00%
37119,"Mecklenburg County, NC",161,1076837,15,0.30%
37125,"Moore County, NC",10,97264,Unreliable,0.00%
37129,"New Hanover County, NC",73,227198,32.1,0.20%
37133,"Onslow County, NC",28,193893,14.4,0.10%
37141,"Pender County, NC",14,60958,Unreliable,0.00%
37147,"Pitt County, NC",42,179042,23.5,0.10%
37151,"Randolph County, NC",48,143282,33.5,0.10%
37155,"Robeson County, NC",16,132606,Unreliable,0.00%
37157,"Rockingham County, NC",18,90949,Unreliable,0.00%
37159,"Rowan County, NC",60,140644,42.7,0.10%
37161,"Rutherford County, NC",18,66551,Unreliable,0.00%
37167,"Stanly County, NC",12,61482,Unreliable,0.00%
37169,"Stokes County, NC",19,45717,Unreliable,0.00%
37171,"Surry County, NC",14,72224,Unreliable,0.00%
37179,"Union County, NC",29,231366,12.5,0.10%
37181,"Vance County, NC",14,44211,Unreliable,0.00%
37183,"Wake County, NC",118,1072203,11,0.20%
37191,"Wayne County, NC",20,124172,16.1,0.00%
37193,"Wilkes County, NC",14,68576,Unreliable,0.00%
37195,"Wilson County, NC",11,81671,Unreliable,0.00%
38017,"Cass County, ND",11,177787,Unreliable,0.00%
39001,"Adams County, OH",14,27726,Unreliable,0.00%
39003,"Allen County, OH",33,103198,32,0.10%
39007,"Ashtabula County, OH",35,97807,35.8,0.10%
39015,"Brown County, OH",21,43576,48.2,0.00%
39017,"Butler County, OH",235,380604,61.7,0.50%
39021,"Champaign County, OH",16,38840,Unreliable,0.00%
39023,"Clark County, OH",86,134557,63.9,0.20%
39025,"Clermont County, OH",83,204214,40.6,0.20%
39027,"Clinton County, OH",28,42009,66.7,0.10%
39029,"Columbiana County, OH",14,103077,Unreliable,0.00%
39033,"Crawford County, OH",18,41746,Unreliable,0.00%
39035,"Cuyahoga County, OH",522,1248514,41.8,1.10%
39037,"Darke County, OH",27,51536,52.4,0.10%
39041,"Delaware County, OH",27,200464,13.5,0.10%
39043,"Erie County, OH",25,74817,33.4,0.10%
39045,"Fairfield County, OH",39,154733,25.2,0.10%
39047,"Fayette County, OH",28,28752,97.4,0.10%
39049,"Franklin County, OH",405,1291981,31.3,0.90%
39053,"Gallia County, OH",18,29973,Unreliable,0.00%
39055,"Geauga County, OH",24,93918,25.6,0.10%
39057,"Greene County, OH",57,166752,34.2,0.10%
39061,"Hamilton County, OH",424,813822,52.1,0.90%
39063,"Hancock County, OH",30,75754,39.6,0.10%
39071,"Highland County, OH",26,42971,60.5,0.10%
39077,"Huron County, OH",27,58494,46.2,0.10%
39081,"Jefferson County, OH",17,66359,Unreliable,0.00%
39083,"Knox County, OH",12,61261,Unreliable,0.00%
39085,"Lake County, OH",87,230117,37.8,0.20%
39087,"Lawrence County, OH",29,60249,48.1,0.10%
39089,"Licking County, OH",27,173448,15.6,0.10%
39091,"Logan County, OH",17,45325,Unreliable,0.00%
39093,"Lorain County, OH",109,307924,35.4,0.20%
39095,"Lucas County, OH",137,430887,31.8,0.30%
39097,"Madison County, OH",16,44036,Unreliable,0.00%
39099,"Mahoning County, OH",101,229796,44,0.20%
39101,"Marion County, OH",29,64967,44.6,0.10%
39103,"Medina County, OH",32,178371,17.9,0.10%
39109,"Miami County, OH",41,105122,39,0.10%
39113,"Montgomery County, OH",472,531542,88.8,1.00%
39131,"Pike County, OH",15,28270,Unreliable,0.00%
39133,"Portage County, OH",31,162277,19.1,0.10%
39135,"Preble County, OH",25,41120,60.8,0.10%
39139,"Richland County, OH",47,120589,39,0.10%
39141,"Ross County, OH",24,77313,31,0.10%
39143,"Sandusky County, OH",16,59195,Unreliable,0.00%
39145,"Scioto County, OH",34,75929,44.8,0.10%
39147,"Seneca County, OH",16,55243,Unreliable,0.00%
39149,"Shelby County, OH",24,48759,49.2,0.10%
39151,"Stark County, OH",90,372542,24.2,0.20%
39153,"Summit County, OH",189,541228,34.9,0.40%
39155,"Trumbull County, OH",112,200380,55.9,0.20%
39157,"Tuscarawas County, OH",21,92297,22.8,0.00%
39159,"Union County, OH",10,56741,Unreliable,0.00%
39165,"Warren County, OH",80,228882,35,0.20%
39167,"Washington County, OH",10,60418,Unreliable,0.00%
39169,"Wayne County, OH",17,116038,Unreliable,0.00%
39173,"Wood County, OH",14,130492,Unreliable,0.00%
40027,"Cleveland County, OK",17,279641,Unreliable,0.00%
40109,"Oklahoma County, OK",72,787958,9.1,0.20%
40143,"Tulsa County, OK",80,646266,12.4,0.20%
40145,"Wagoner County, OK",12,78657,Unreliable,0.00%
41005,"Clackamas County, OR",30,412672,7.3,0.10%
41033,"Josephine County, OR",15,86352,Unreliable,0.00%
41039,"Lane County, OR",46,374748,12.3,0.10%
41047,"Marion County, OR",26,341286,7.6,0.10%
41051,"Multnomah County, OR",107,807555,13.2,0.20%
41067,"Washington County, OR",34,588957,5.8,0.10%
42003,"Allegheny County, PA",664,1223048,54.3,1.40%
42007,"Beaver County, PA",50,166140,30.1,0.10%
42011,"Berks County, PA",86,417854,20.6,0.20%
42013,"Blair County, PA",17,123457,Unreliable,0.00%
42017,"Bucks County, PA",114,628341,18.1,0.20%
42019,"Butler County, PA",81,187108,43.3,0.20%
42021,"Cambria County, PA",22,133054,16.5,0.00%
42025,"Carbon County, PA",10,63853,Unreliable,0.00%
42027,"Centre County, PA",11,162660,Unreliable,0.00%
42029,"Chester County, PA",65,519293,12.5,0.10%
42039,"Crawford County, PA",18,86159,Unreliable,0.00%
42041,"Cumberland County, PA",38,250066,15.2,0.10%
42043,"Dauphin County, PA",25,275710,9.1,0.10%
42045,"Delaware County, PA",171,564696,30.3,0.40%
42049,"Erie County, PA",95,274541,34.6,0.20%
42051,"Fayette County, PA",37,131504,28.1,0.10%
42055,"Franklin County, PA",21,154234,13.6,0.00%
42061,"Huntingdon County, PA",12,45491,Unreliable,0.00%
42063,"Indiana County, PA",16,84953,Unreliable,0.00%
42069,"Lackawanna County, PA",66,210761,31.3,0.10%
42071,"Lancaster County, PA",48,542903,8.8,0.10%
42073,"Lawrence County, PA",46,87069,52.8,0.10%
42077,"Lehigh County, PA",38,366494,10.4,0.10%
42079,"Luzerne County, PA",35,317343,11,0.10%
42085,"Mercer County, PA",19,111750,Unreliable,0.00%
42089,"Monroe County, PA",20,168046,11.9,0.00%
42091,"Montgomery County, PA",157,826075,19,0.30%
42095,"Northampton County, PA",86,303405,28.3,0.20%
42097,"Northumberland County, PA",20,92029,21.7,0.00%
42101,"Philadelphia County, PA",46,1580863,2.9,0.10%
42103,"Pike County, PA",16,55691,Unreliable,0.00%
42107,"Schuylkill County, PA",25,142569,17.5,0.10%
42111,"Somerset County, PA",13,74501,Unreliable,0.00%
42125,"Washington County, PA",101,207298,48.7,0.20%
42127,"Wayne County, PA",13,51205,Unreliable,0.00%
42129,"Westmoreland County, PA",21,352627,6,0.00%
42133,"York County, PA",72,446078,16.1,0.20%
44003,"Kent County, RI",36,163760,22,0.10%
44005,"Newport County, RI",23,83460,27.6,0.00%
44007,"Providence County, RI",182,637357,28.6,0.40%
44009,"Washington County, RI",25,126150,19.8,0.10%
45003,"Aiken County, SC",37,168179,22,0.10%
45007,"Anderson County, SC",23,198759,11.6,0.00%
45013,"Beaufort County, SC",21,186844,11.2,0.00%
45015,"Berkeley County, SC",34,217937,15.6,0.10%
45019,"Charleston County, SC",68,401438,16.9,0.10%
45035,"Dorchester County, SC",19,156456,Unreliable,0.00%
45041,"Florence County, SC",26,138566,18.8,0.10%
45043,"Georgetown County, SC",11,61607,Unreliable,0.00%
45045,"Greenville County, SC",70,506837,13.8,0.10%
45047,"Greenwood County, SC",14,70355,Unreliable,0.00%
45051,"Horry County, SC",65,333268,19.5,0.10%
45057,"Lancaster County, SC",28,92550,30.3,0.10%
45063,"Lexington County, SC",38,290642,13.1,0.10%
45073,"Oconee County, SC",19,77270,Unreliable,0.00%
45077,"Pickens County, SC",24,123479,19.4,0.10%
45079,"Richland County, SC",64,411592,15.5,0.10%
45083,"Spartanburg County, SC",59,306854,19.2,0.10%
45091,"York County, SC",45,266439,16.9,0.10%
47001,"Anderson County, TN",34,76257,44.6,0.10%
47009,"Blount County, TN",27,129929,20.8,0.10%
47011,"Bradley County, TN",13,105560,Unreliable,0.00%
47019,"Carter County, TN",16,56488,Unreliable,0.00%
47021,"Cheatham County, TN",24,40330,59.5,0.10%
47031,"Coffee County, TN",12,55034,Unreliable,0.00%
47037,"Davidson County, TN",182,691243,26.3,0.40%
47059,"Greene County, TN",17,68808,Unreliable,0.00%
47065,"Hamilton County, TN",60,361613,16.6,0.10%
47093,"Knox County, TN",202,461860,43.7,0.40%
47105,"Loudon County, TN",15,52152,Unreliable,0.00%
47119,"Maury County, TN",12,92163,Unreliable,0.00%
47125,"Montgomery County, TN",20,200182,10,0.00%
47145,"Roane County, TN",13,53036,Unreliable,0.00%
47147,"Robertson County, TN",15,70177,Unreliable,0.00%
47149,"Rutherford County, TN",49,317157,15.4,0.10%
47155,"Sevier County, TN",25,97638,25.6,0.10%
47157,"Shelby County, TN",160,936961,17.1,0.30%
47163,"Sullivan County, TN",31,157158,19.7,0.10%
47165,"Sumner County, TN",25,183545,13.6,0.10%
47167,"Tipton County, TN",12,61366,Unreliable,0.00%
47179,"Washington County, TN",25,127806,19.6,0.10%
47187,"Williamson County, TN",24,226257,10.6,0.10%
47189,"Wilson County, TN",25,136442,18.3,0.10%
48027,"Bell County, TX",20,347833,5.7,0.00%
48029,"Bexar County, TX",98,1958578,5,0.20%
48039,"Brazoria County, TX",12,362457,Unreliable,0.00%
48085,"Collin County, TX",38,969603,3.9,0.10%
48113,"Dallas County, TX",169,2618148,6.5,0.40%
48121,"Denton County, TX",42,836210,5,0.10%
48135,"Ector County, TX",12,157087,Unreliable,0.00%
48141,"El Paso County, TX",45,840410,5.4,0.10%
48157,"Fort Bend County, TX",20,764828,2.6,0.00%
48167,"Galveston County, TX",26,335036,7.8,0.10%
48201,"Harris County, TX",280,4652980,6,0.60%
48245,"Jefferson County, TX",11,256299,Unreliable,0.00%
48251,"Johnson County, TX",12,167301,Unreliable,0.00%
48303,"Lubbock County, TX",22,305225,7.2,0.00%
48339,"Montgomery County, TX",59,570934,10.3,0.10%
48355,"Nueces County, TX",38,361221,10.5,0.10%
48381,"Randall County, TX",10,134442,Unreliable,0.00%
48439,"Tarrant County, TX",110,2054475,5.4,0.20%
48453,"Travis County, TX",96,1226698,7.8,0.20%
48479,"Webb County, TX",27,274794,9.8,0.10%
48491,"Williamson County, TX",16,547545,Unreliable,0.00%
49005,"Cache County, UT",11,124438,Unreliable,0.00%
49011,"Davis County, UT",37,347637,10.6,0.10%
49035,"Salt Lake County, UT",189,1135649,16.6,0.40%
49045,"Tooele County, UT",13,67456,Unreliable,0.00%
49049,"Utah County, UT",82,606425,13.5,0.20%
49053,"Washington County, UT",27,165662,16.3,0.10%
49057,"Weber County, UT",42,251769,16.7,0.10%
50007,"Chittenden County, VT",31,162372,19.1,0.10%
50011,"Franklin County, VT",10,49025,Unreliable,0.00%
50021,"Rutland County, VT",11,59087,Unreliable,0.00%
50023,"Washington County, VT",12,58290,Unreliable,0.00%
50025,"Windham County, VT",16,42869,Unreliable,0.00%
50027,"Windsor County, VT",12,55100,Unreliable,0.00%
51013,"Arlington County, VA",16,234965,Unreliable,0.00%
51015,"Augusta County, VA",12,75144,Unreliable,0.00%
51019,"Bedford County, VA",13,77974,Unreliable,0.00%
51041,"Chesterfield County, VA",62,343599,18,0.10%
51047,"Culpeper County, VA",22,51282,42.9,0.00%
51059,"Fairfax County, VA",107,1148433,9.3,0.20%
51061,"Fauquier County, VA",16,69465,Unreliable,0.00%
51069,"Frederick County, VA",17,86484,Unreliable,0.00%
51085,"Hanover County, VA",20,105923,18.9,0.00%
51087,"Henrico County, VA",60,327898,18.3,0.10%
51099,"King George County, VA",10,26337,Unreliable,0.00%
51107,"Loudoun County, VA",24,398080,6,0.10%
51121,"Montgomery County, VA",11,98559,Unreliable,0.00%
51153,"Prince William County, VA",59,463023,12.7,0.10%
51161,"Roanoke County, VA",18,93730,Unreliable,0.00%
51177,"Spotsylvania County, VA",19,133033,Unreliable,0.00%
51179,"Stafford County, VA",16,146649,Unreliable,0.00%
51185,"Tazewell County, VA",11,41095,Unreliable,0.00%
51187,"Warren County, VA",16,39563,Unreliable,0.00%
51195,"Wise County, VA",13,38586,Unreliable,0.00%
51510,"Alexandria city, VA",12,160035,Unreliable,0.00%
51515,"Bedford city, VA",Missing,Missing,Missing,Missing
51550,"Chesapeake city, VA",36,240397,15,0.10%
51560,"Clifton Forge city, VA",Missing,Missing,Missing,Missing
51650,"Hampton city, VA",16,134669,Unreliable,0.00%
51670,"Hopewell city, VA",10,22621,Unreliable,0.00%
51700,"Newport News city, VA",26,179388,14.5,0.10%
51710,"Norfolk city, VA",52,244703,21.3,0.10%
51730,"Petersburg city, VA",10,31750,Unreliable,0.00%
51740,"Portsmouth city, VA",19,94572,Unreliable,0.00%
51760,"Richmond city, VA",68,227032,30,0.10%
51770,"Roanoke city, VA",39,99837,39.1,0.10%
51810,"Virginia Beach city, VA",56,450435,12.4,0.10%
53005,"Benton County, WA",20,198171,10.1,0.00%
53011,"Clark County, WA",37,474643,7.8,0.10%
53015,"Cowlitz County, WA",13,106910,Unreliable,0.00%
53027,"Grays Harbor County, WA",15,72697,Unreliable,0.00%
53029,"Island County, WA",12,83159,Unreliable,0.00%
53033,"King County, WA",247,2188649,11.3,0.50%
53035,"Kitsap County, WA",23,266414,8.6,0.00%
53053,"Pierce County, WA",101,876764,11.5,0.20%
53057,"Skagit County, WA",14,125619,Unreliable,0.00%
53061,"Snohomish County, WA",100,801633,12.5,0.20%
53063,"Spokane County, WA",30,506152,5.9,0.10%
53067,"Thurston County, WA",16,280588,Unreliable,0.00%
53071,"Walla Walla County, WA",11,60567,Unreliable,0.00%
53073,"Whatcom County, WA",14,221404,Unreliable,0.00%
53077,"Yakima County, WA",24,250193,9.6,0.10%
54003,"Berkeley County, WV",86,114920,74.8,0.20%
54005,"Boone County, WV",13,22349,Unreliable,0.00%
54011,"Cabell County, WV",135,94958,142.2,0.30%
54019,"Fayette County, WV",27,43521,62,0.10%
54027,"Hampshire County, WV",12,23471,Unreliable,0.00%
54029,"Hancock County, WV",12,29448,Unreliable,0.00%
54033,"Harrison County, WV",17,67811,Unreliable,0.00%
54037,"Jefferson County, WV",24,56338,42.6,0.10%
54039,"Kanawha County, WV",98,183293,53.5,0.20%
54043,"Lincoln County, WV",18,20825,Unreliable,0.00%
54045,"Logan County, WV",33,32925,100.2,0.10%
54047,"McDowell County, WV",10,18456,Unreliable,0.00%
54053,"Mason County, WV",15,26801,Unreliable,0.00%
54055,"Mercer County, WV",28,59753,46.9,0.10%
54059,"Mingo County, WV",16,24127,Unreliable,0.00%
54061,"Monongalia County, WV",28,105030,26.7,0.10%
54065,"Morgan County, WV",13,17686,Unreliable,0.00%
54069,"Ohio County, WV",15,42035,Unreliable,0.00%
54079,"Putnam County, WV",29,56792,51.1,0.10%
54081,"Raleigh County, WV",53,75022,70.6,0.10%
54099,"Wayne County, WV",47,40153,117.1,0.10%
54107,"Wood County, WV",15,85104,Unreliable,0.00%
55009,"Brown County, WI",30,262052,11.4,0.10%
55021,"Columbia County, WI",10,57248,Unreliable,0.00%
55025,"Dane County, WI",89,536416,16.6,0.20%
55027,"Dodge County, WI",15,87786,Unreliable,0.00%
55055,"Jefferson County, WI",18,84832,Unreliable,0.00%
55059,"Kenosha County, WI",46,168521,27.3,0.10%
55063,"La Crosse County, WI",19,118274,Unreliable,0.00%
55073,"Marathon County, WI",14,135732,Unreliable,0.00%
55079,"Milwaukee County, WI",305,952085,32,0.60%
55087,"Outagamie County, WI",18,186059,Unreliable,0.00%
55089,"Ozaukee County, WI",11,88429,Unreliable,0.00%
55101,"Racine County, WI",45,196071,23,0.10%
55105,"Rock County, WI",37,162309,22.8,0.10%
55117,"Sheboygan County, WI",18,115344,Unreliable,0.00%
55127,"Walworth County, WI",12,103082,Unreliable,0.00%
55131,"Washington County, WI",21,135101,15.5,0.00%
55133,"Waukesha County, WI",63,400621,15.7,0.10%
55139,"Winnebago County, WI",23,170414,13.5,0.00%
